{"cameraMode":{"drawMode":0,"name":"Shaded","section":"Shading Mode"},"sceneLighting":false,"audioPlay":false,"sceneViewState":{"showFog":true,"showMaterialUpdate":false,"showSkybox":false,"showFlares":true,"showImageEffects":true,"showParticleSystems":true,"showVisualEffectGraphs":true,"m_FxEnabled":true},"in2DMode":false,"pivot":{"x":1.8214523792266846,"y":2.40841007232666,"z":0.048262834548950198},"rotation":{"x":0.014997019432485104,"y":-0.01770246960222721,"z":0.0002663599734660238,"w":0.9997428059577942},"size":3.4722900390625,"orthographic":true}