{"cameraMode":{"drawMode":0,"name":"Shaded","section":"Shading Mode"},"sceneLighting":true,"audioPlay":false,"sceneViewState":{"showFog":true,"showMaterialUpdate":true,"showSkybox":false,"showFlares":true,"showImageEffects":true,"showParticleSystems":true},"in2DMode":false,"pivot":{"x":-2.5122108459472658,"y":2.040585517883301,"z":86.88494110107422},"rotation":{"x":-0.0020571902859956028,"y":-0.9977689385414124,"z":0.055742911994457248,"w":-0.03682771325111389},"size":4.960412502288818,"orthographic":true}