{"cameraMode":{"drawMode":0,"name":"Shaded","section":"Shading Mode"},"sceneLighting":false,"audioPlay":false,"sceneViewState":{"showFog":true,"showMaterialUpdate":false,"showSkybox":false,"showFlares":true,"showImageEffects":true,"showParticleSystems":true},"in2DMode":false,"pivot":{"x":1.8214523792266846,"y":2.279435634613037,"z":0.048262834548950198},"rotation":{"x":-0.0020571902859956028,"y":-0.9977689385414124,"z":0.055742911994457248,"w":-0.03682771325111389},"size":3.5561492443084719,"orthographic":true}