{"cameraMode":{"drawMode":0,"name":"Shaded","section":"Shading Mode"},"sceneLighting":false,"audioPlay":false,"sceneViewState":{"showFog":true,"showMaterialUpdate":false,"showSkybox":false,"showFlares":true,"showImageEffects":true,"showParticleSystems":true},"in2DMode":false,"pivot":{"x":-1.6395072937011719,"y":1.0418710708618165,"z":17.370248794555665},"rotation":{"x":0.1513403207063675,"y":0.690136194229126,"z":-0.1510719656944275,"w":0.6913778185844421},"size":6.810632228851318,"orthographic":false}