{"cameraMode":{"drawMode":0,"name":"Shaded","section":"Shading Mode"},"sceneLighting":false,"audioPlay":false,"sceneViewState":{"showFog":true,"showMaterialUpdate":false,"showSkybox":false,"showFlares":true,"showImageEffects":true,"showParticleSystems":true},"in2DMode":false,"pivot":{"x":-0.07297253608703613,"y":8.866924285888672,"z":26.706485748291017},"rotation":{"x":0.12795083224773408,"y":0.8597868084907532,"z":-0.26267099380493166,"w":0.41882607340812685},"size":17.65418815612793,"orthographic":false}