{"cameraMode":{"drawMode":0,"name":"Shaded","section":"Shading Mode"},"sceneLighting":false,"audioPlay":false,"sceneViewState":{"showFog":true,"showMaterialUpdate":false,"showSkybox":false,"showFlares":true,"showImageEffects":true,"showParticleSystems":true},"in2DMode":false,"pivot":{"x":-2.843339443206787,"y":2.973684787750244,"z":34.69133758544922},"rotation":{"x":-0.00007554612966487184,"y":0.9996445775032044,"z":-0.0029988533351570369,"w":-0.026995955035090448},"size":4.769233226776123,"orthographic":false}